<ImportExportXml xmlns:xsi="http://www.w3.org/2001/XMLSchema-instance">
  <Entities></Entities>
  <Roles></Roles>
  <Workflows>
    <Workflow WorkflowId="{22e666bc-3577-ee11-8179-000d3a112a41}" Name="Refresh Tokens and Get SKU from Azure Portal API">
      <JsonFileName>/Workflows/RefreshTokensandGetSKUfromAzurePortalAPI-22E666BC-3577-EE11-8179-000D3A112A41.json</JsonFileName>
      <Type>1</Type>
      <Subprocess>0</Subprocess>
      <Category>5</Category>
      <Mode>0</Mode>
      <Scope>4</Scope>
      <OnDemand>0</OnDemand>
      <TriggerOnCreate>0</TriggerOnCreate>
      <TriggerOnDelete>0</TriggerOnDelete>
      <AsyncAutodelete>0</AsyncAutodelete>
      <SyncWorkflowLogOnFailure>0</SyncWorkflowLogOnFailure>
      <StateCode>1</StateCode>
      <StatusCode>2</StatusCode>
      <RunAs>1</RunAs>
      <IsTransacted>1</IsTransacted>
      <IntroducedVersion>1.0.0.0</IntroducedVersion>
      <IsCustomizable>1</IsCustomizable>
      <BusinessProcessType>0</BusinessProcessType>
      <IsCustomProcessingStepAllowedForOtherPublishers>1</IsCustomProcessingStepAllowedForOtherPublishers>
      <PrimaryEntity>none</PrimaryEntity>
      <LocalizedNames>
        <LocalizedName languagecode="1033" description="Refresh Tokens and Get SKU from Azure Portal API" />
      </LocalizedNames>
    </Workflow>
  </Workflows>
  <FieldSecurityProfiles></FieldSecurityProfiles>
  <Templates />
  <EntityMaps />
  <EntityRelationships />
  <OrganizationSettings />
  <optionsets />
  <CustomControls />
  <EntityDataProviders />
  <connectionreferences>
    <connectionreference connectionreferencelogicalname="raw_sharedazurekeyvault5fb752f622e14c2a1d5fdbffc6096ac1c21e_961aa">
      <connectionreferencedisplayname> AzurePortalAPI-961aa</connectionreferencedisplayname>
      <connectorid>/providers/Microsoft.PowerApps/apis/shared_azurekeyvault-5fb752f622e14c2a1d-5fdbffc6096ac1c21e</connectorid>
      <iscustomizable>1</iscustomizable>
      <statecode>0</statecode>
      <statuscode>1</statuscode>
    </connectionreference>
  </connectionreferences>
  <Languages>
    <Language>1033</Language>
    <Language>1036</Language>
    <Language>1040</Language>
    <Language>3082</Language>
    <Language>1053</Language>
    <Language>1025</Language>
    <Language>1037</Language>
    <Language>1031</Language>
    <Language>1081</Language>
    <Language>1041</Language>
    <Language>1049</Language>
    <Language>1058</Language>
  </Languages>
</ImportExportXml>