<environmentvariabledefinition schemaname="raw_AzureADPowerShellAppRegistrationId">
  <defaultvalue>74658136-14ec-4630-ad9b-26e160ff0fc6</defaultvalue>
  <description default="For AzureCloud use 74658136-14ec-4630-ad9b-26e160ff0fc6 for AzureUSGovernment use ee62de39-b9b0-4886-aa58-08b89c4e3db3">
    <label description="For AzureCloud use 74658136-14ec-4630-ad9b-26e160ff0fc6 for AzureUSGovernment use ee62de39-b9b0-4886-aa58-08b89c4e3db3" languagecode="1033" />
  </description>
  <displayname default="Azure AD PowerShell App Registration Id">
    <label description="Azure AD PowerShell App Registration Id" languagecode="1033" />
  </displayname>
  <introducedversion>1.0.0.0</introducedversion>
  <iscustomizable>1</iscustomizable>
  <isrequired>0</isrequired>
  <secretstore>0</secretstore>
  <type>100000000</type>
</environmentvariabledefinition>