<ImportExportXml xmlns:xsi="http://www.w3.org/2001/XMLSchema-instance">
  <Entities></Entities>
  <Roles></Roles>
  <Workflows></Workflows>
  <FieldSecurityProfiles></FieldSecurityProfiles>
  <Templates />
  <EntityMaps />
  <EntityRelationships />
  <OrganizationSettings />
  <optionsets />
  <CustomControls />
  <EntityDataProviders />
  <Connectors>
    <Connector>
      <connectorid>f3246410-acd8-4397-a53b-821bfe537b13</connectorid>
      <description>A sample connector for the Azure Key Vault service.  This connector is built for the Azure Key Vault REST API.  You can see the details of the API here: https://docs.microsoft.com/rest/api/keyvault/.</description>
      <displayname>AzureKeyVault</displayname>
      <iconbrandcolor>#007ee5</iconbrandcolor>
      <name>raw_azurekeyvault</name>
      <connectortype>1</connectortype>
      <openapidefinition>/Connector/raw_azurekeyvault_openapidefinition.json</openapidefinition>
      <connectionparameters>/Connector/raw_azurekeyvault_connectionparameters.json</connectionparameters>
      <policytemplateinstances>/Connector/raw_azurekeyvault_policytemplateinstances.json</policytemplateinstances>
      <iconblob>/Connector/raw_azurekeyvault_iconblob.Png</iconblob>
    </Connector>
  </Connectors>
  <Languages>
    <Language>1033</Language>
    <Language>1036</Language>
    <Language>1040</Language>
    <Language>3082</Language>
    <Language>1053</Language>
    <Language>1025</Language>
    <Language>1037</Language>
    <Language>1031</Language>
    <Language>1081</Language>
    <Language>1041</Language>
    <Language>1049</Language>
    <Language>1058</Language>
  </Languages>
</ImportExportXml>