{
  "properties": {
    "connectionReferences": {
      "shared_azurekeyvault-5fb752f622e14c2a1d-5fdbffc6096ac1c21e": {
        "runtimeSource": "invoker",
        "connection": {
          "connectionReferenceLogicalName": "raw_sharedazurekeyvault5fb752f622e14c2a1d5fdbffc6096ac1c21e_961aa"
        },
        "api": {
          "name": "shared_azurekeyvault-5fb752f622e14c2a1d-5fdbffc6096ac1c21e",
          "logicalName": "raw_azurekeyvault"
        }
      }
    },
    "definition": {
      "$schema": "https://schema.management.azure.com/providers/Microsoft.Logic/schemas/2016-06-01/workflowdefinition.json#",
      "contentVersion": "1.0.0.0",
      "parameters": {
        "$connections": {
          "defaultValue": {},
          "type": "Object"
        },
        "$authentication": {
          "defaultValue": {},
          "type": "SecureObject"
        },
        "Azure AD PowerShell App Registration Id (raw_AzureADPowerShellAppRegistrationId)": {
          "defaultValue": "74658136-14ec-4630-ad9b-26e160ff0fc6",
          "type": "String",
          "metadata": {
            "schemaName": "raw_AzureADPowerShellAppRegistrationId",
            "description": "For AzureCloud use 74658136-14ec-4630-ad9b-26e160ff0fc6 for AzureUSGovernment use ee62de39-b9b0-4886-aa58-08b89c4e3db3"
          }
        },
        "Tenant OAuth Token Endpoint (raw_TenantOAuthTokenEndpoint)": {
          "defaultValue": "https://login.microsoftonline.com/9eecc284-df58-4b2a-a10b-5259af702477/oauth2/v2.0/token",
          "type": "String",
          "metadata": {
            "schemaName": "raw_TenantOAuthTokenEndpoint"
          }
        }
      },
      "triggers": {
        "manual": {
          "metadata": {
            "operationMetadataId": "1c6fe38c-5b77-4546-97df-5f56f4a8d0d7"
          },
          "type": "Request",
          "kind": "Button",
          "inputs": {
            "schema": {
              "type": "object",
              "properties": {},
              "required": []
            }
          }
        }
      },
      "actions": {
        "Get_Refresh_Token": {
          "runAfter": {},
          "metadata": {
            "operationMetadataId": "2dda9ba8-c2b8-413c-a40d-fa9efa13abd2"
          },
          "type": "OpenApiConnection",
          "inputs": {
            "host": {
              "connectionName": "shared_azurekeyvault-5fb752f622e14c2a1d-5fdbffc6096ac1c21e",
              "operationId": "GetSecret",
              "apiId": ""
            },
            "parameters": {
              "secret-name": "RefreshToken"
            },
            "authentication": {
              "type": "Raw",
              "value": "@json(decodeBase64(triggerOutputs().headers['X-MS-APIM-Tokens']))['$ConnectionKey']"
            }
          },
          "runtimeConfiguration": {
            "secureData": {
              "properties": [
                "inputs",
                "outputs"
              ]
            }
          }
        },
        "Parse_JSON_From_Refresh_Token": {
          "runAfter": {
            "Get_Refresh_Token": [
              "Succeeded"
            ]
          },
          "metadata": {
            "operationMetadataId": "190190d5-a9b2-4cc8-b382-1865cedebe45"
          },
          "type": "ParseJson",
          "inputs": {
            "content": "@body('Get_Refresh_Token')",
            "schema": {
              "properties": {
                "attributes": {
                  "properties": {
                    "created": {
                      "type": "integer"
                    },
                    "enabled": {
                      "type": "boolean"
                    },
                    "recoverableDays": {
                      "type": "integer"
                    },
                    "recoveryLevel": {
                      "type": "string"
                    },
                    "updated": {
                      "type": "integer"
                    }
                  },
                  "type": "object"
                },
                "id": {
                  "type": "string"
                },
                "value": {
                  "type": "string"
                }
              },
              "type": "object"
            }
          },
          "runtimeConfiguration": {
            "secureData": {
              "properties": [
                "inputs"
              ]
            }
          }
        },
        "Login": {
          "runAfter": {
            "Parse_JSON_From_Refresh_Token": [
              "Succeeded"
            ]
          },
          "metadata": {
            "operationMetadataId": "cb27b486-0cf5-48df-8290-c31a353e27e4"
          },
          "type": "Http",
          "inputs": {
            "method": "POST",
            "uri": "@parameters('Tenant OAuth Token Endpoint (raw_TenantOAuthTokenEndpoint)')",
            "headers": {
              "content-type": "application/x-www-form-urlencoded"
            },
            "body": "resource=@{parameters('Azure AD PowerShell App Registration Id (raw_AzureADPowerShellAppRegistrationId)')}&grant_type=refresh_token&refresh_token=@{body('Parse_JSON_From_Refresh_Token')?['value']}&client_id=1950a258-227b-4e31-a9cf-717495945fc2&scope=openid"
          },
          "runtimeConfiguration": {
            "secureData": {
              "properties": [
                "inputs",
                "outputs"
              ]
            }
          }
        },
        "Parse_JSON_From_Login": {
          "runAfter": {
            "Login": [
              "Succeeded"
            ]
          },
          "metadata": {
            "operationMetadataId": "2765ef79-1c99-42fc-b578-842699599ad8"
          },
          "type": "ParseJson",
          "inputs": {
            "content": "@body('Login')",
            "schema": {
              "properties": {
                "access_token": {
                  "type": "string"
                },
                "expires_in": {
                  "type": "string"
                },
                "expires_on": {
                  "type": "string"
                },
                "ext_expires_in": {
                  "type": "string"
                },
                "foci": {
                  "type": "string"
                },
                "id_token": {
                  "type": "string"
                },
                "not_before": {
                  "type": "string"
                },
                "refresh_token": {
                  "type": "string"
                },
                "resource": {
                  "type": "string"
                },
                "scope": {
                  "type": "string"
                },
                "token_type": {
                  "type": "string"
                }
              },
              "type": "object"
            }
          },
          "runtimeConfiguration": {
            "secureData": {
              "properties": [
                "inputs"
              ]
            }
          }
        },
        "Set_New_Refresh_Token": {
          "runAfter": {
            "Parse_JSON_From_Login": [
              "Succeeded"
            ]
          },
          "metadata": {
            "operationMetadataId": "d44afaf0-caf5-4f8b-8df4-6d7a81982193"
          },
          "type": "OpenApiConnection",
          "inputs": {
            "host": {
              "connectionName": "shared_azurekeyvault-5fb752f622e14c2a1d-5fdbffc6096ac1c21e",
              "operationId": "SetSecret",
              "apiId": ""
            },
            "parameters": {
              "secret-name": "RefreshToken",
              "body/value": "@body('Parse_JSON_From_Login')?['refresh_token']",
              "body/attributes/enabled": true
            },
            "authentication": {
              "type": "Raw",
              "value": "@json(decodeBase64(triggerOutputs().headers['X-MS-APIM-Tokens']))['$ConnectionKey']"
            }
          },
          "runtimeConfiguration": {
            "secureData": {
              "properties": [
                "inputs",
                "outputs"
              ]
            }
          }
        },
        "HTTP": {
          "runAfter": {
            "Set_New_Refresh_Token": [
              "Succeeded"
            ]
          },
          "metadata": {
            "operationMetadataId": "7cc07d7f-9c14-4b32-8cc2-3ed3ae27e518"
          },
          "type": "Http",
          "inputs": {
            "method": "GET",
            "uri": "https://main.iam.ad.ext.azure.com/api/AccountSkus?backfillTenants=true",
            "headers": {
              "Authorization": "Bearer @{body('Parse_JSON_From_Login')?['access_token']}",
              "Content-type": "application/json",
              "x-ms-client-request-id": "@{guid()}",
              "x-ms-correlation-id": "@{guid()}"
            }
          },
          "runtimeConfiguration": {
            "secureData": {
              "properties": [
                "inputs"
              ]
            }
          }
        }
      }
    },
    "templateName": ""
  },
  "schemaVersion": "1.0.0.0"
}