{"token":{"type":"oauthSetting","oAuthSettings":{"identityProvider":"oauth2","clientId":"7409b917-103c-4270-9913-8783a6ba60b6","scopes":[],"redirectMode":"Global","redirectUrl":"https://global.consent.azure-apim.net/redirect","properties":{"IsFirstParty":"False","IsOnbehalfofLoginSupported":false},"customParameters":{"authorizationUrl":{"value":"https://login.microsoftonline.com/common/oauth2/authorize"},"tokenUrl":{"value":"https://login.windows.net/common/oauth2/authorize"},"refreshUrl":{"value":"https://login.microsoftonline.com/common/oauth2/authorize"}}}}}